<ashitacast>
	<settings>
		<buffupdate>false</buffupdate>
		<statusupdate>false</statusupdate>
		<hpupdate>false</hpupdate>
		<autoupdate>true</autoupdate>
	</settings>
	<sets>
		<set name="tptank">
			<ammo augment="O618512515072459">Coiste Bodhar</ammo>
			<head>Sakpata's Helm</head>
			<body>Sakpata's Plate</body>
			<hands>Sakpata's Gauntlets</hands>
			<legs>Sakpata's Cuisses</legs>
			<feet>Sakpata's Leggings</feet>
			<neck>Clotharius Torque</neck>
			<waist augment="O2456978194432292">Sailfi Belt +1</waist>
			<ear1>Brutal Earring</ear1>
			<ear2>Cessance Earring</ear2>
			<ring1>Hetairoi Ring</ring1>
			<ring2>Petrov Ring</ring2>
			<back augment="S79266176079951541542439">Rudianos's Mantle</back>
		</set>
		<set name="speed">
			<legs augment="D6232182625036">Carmine Cuisses +1</legs>
		</set>
		<set name="hate">
			<head>Loess Barbuta</head>
			<body augment="D10441174044418">Souveran Cuirass</body>
			<hands augment="D15938765744130">Souv. Handsch. +1</hands>
			<legs augment="D15938765744130">Souv. Diechlings +1</legs>
			<feet augment="D10441174044418">Souveran Schuhs</feet>
			<neck>Homeric Gorget</neck>
			<ear1>Friomisi Earring</ear1>
			<ring1>Petrov Ring</ring1>
			<ring2>Vexer Ring +1</ring2>
			<back augment="S79266176079951541542439">Rudianos's Mantle</back>
		</set>
		<set name="pdt">
			<ammo>Staunch Tathlum +1</ammo>
			<head augment="D3006640770818">Souveran Schaller</head>
			<body augment="D10441174044418">Souveran Cuirass</body>
			<hands augment="D15938765744130">Souv. Handsch. +1</hands>
			<legs augment="D15938765744130">Souv. Diechlings +1</legs>
			<feet augment="D10441174044418">Souveran Schuhs</feet>
			<neck>Homeric Gorget</neck>
			<waist>Flume Belt +1</waist>
			<ear1 augment="O2456978194432367">Odnowa Earring +1</ear1>
			<ear2>Ethereal Earring</ear2>
			<ring1>Defending Ring</ring1>
			<ring2>Moonlight Ring</ring2>
			<back augment="S79266176079951541542439">Rudianos's Mantle</back>
		</set>
		<set name="fc">
			<ammo>Sapience Orb</ammo>
			<head augment="D4071815123724">Carmine Mask +1</head>
			<body augment="S10565273938157528697">Odyss. Chestplate</body>
			<hands augment="S44551832283159">Leyline Gloves</hands>
			<feet augment="S813640038851241654807">Odyssean Greaves</feet>
			<ear1>Enchntr. Earring +1</ear1>
			<ear2>Loquac. Earring</ear2>
			<ring1>Rahab Ring</ring1>
			<ring2>Prolix Ring</ring2>
		</set>
		<set name="tptank2">
			<main>Mercurial Kris</main>
			<sub augment="M0">Ochain</sub>
			<ammo>Amar Cluster</ammo>
			<head>Sakpata's Helm</head>
			<body>Sakpata's Plate</body>
			<hands>Sakpata's Gauntlets</hands>
			<legs augment="D6232182625036">Carmine Cuisses +1</legs>
			<feet>Sakpata's Leggings</feet>
			<neck>Clotharius Torque</neck>
			<waist>Dynamic Belt +1</waist>
			<ear1>Brutal Earring</ear1>
			<ear2>Cessance Earring</ear2>
			<ring1>Hetairoi Ring</ring1>
			<ring2>Petrov Ring</ring2>
			<back augment="S79266176079951541542439">Rudianos's Mantle</back>
		</set>
		<set name="pdt2">
			<ammo>Staunch Tathlum +1</ammo>
			<head>Sakpata's Helm</head>
			<body>Sakpata's Plate</body>
			<hands>Sakpata's Gauntlets</hands>
			<legs>Sakpata's Cuisses</legs>
			<feet>Sakpata's Leggings</feet>
			<neck augment="O2456978194432372">Loricate Torque +1</neck>
			<waist>Flume Belt +1</waist>
			<ear1 augment="O2456978194432367">Odnowa Earring +1</ear1>
			<ear2>Ethereal Earring</ear2>
			<ring1>Defending Ring</ring1>
			<ring2>Moonlight Ring</ring2>
			<back augment="S79266176079951541542439">Rudianos's Mantle</back>
		</set>
		<set name="hybrid">
			<ammo>Amar Cluster</ammo>
			<head>Sakpata's Helm</head>
			<body>Sakpata's Plate</body>
			<hands>Sakpata's Gauntlets</hands>
			<legs>Sakpata's Cuisses</legs>
			<feet>Sakpata's Leggings</feet>
			<neck>Clotharius Torque</neck>
			<waist>Olseni Belt</waist>
			<ear1 augment="O2456978194432367">Odnowa Earring +1</ear1>
			<ear2>Ethereal Earring</ear2>
			<ring1>Moonlight Ring</ring1>
			<ring2>Moonlight Ring</ring2>
			<back augment="S79266176079951541542439">Rudianos's Mantle</back>
		</set>
		<include>
		</include>
	</sets>
	<variables>
	</variables>
	<inputcommands>
	</inputcommands>
	<idlegear>
	     <if p_status="Idle">
	         <equip set="speed"/>
	   </if>
	   <if p_status="engaged">
	         <equip set="tptank"/>
	   </if>
	 </idlegear>
	<preranged>
	</preranged>
	<midranged>
	</midranged>
	<premagic>
	    <equip set="fc"/>
	</premagic>
	<midmagic>
	     <if ad_name="Flash">
		     <equip set="hate"/>
		 </if>
		 <if ad_skill="Bluemagic">
		        <equip set="hate"/>
		  </if>	
	</midmagic>	
	<jobability>
	    <if ad_name="Provoke|Sentinel">
		    <equip set="hate"/>
		</if>	
	</jobability>
	<weaponskill>
	</weaponskill>
</ashitacast>