<ashitacast>
	<settings>
		<buffupdate>false</buffupdate>
		<statusupdate>false</statusupdate>
		<hpupdate>false</hpupdate>
		<autoupdate>true</autoupdate>
	</settings>
	<sets>
		<set name="fc">
			<ammo>Sapience Orb</ammo>
			<head augment="S110080104018621619331107">Merlinic Hood</head>
			<body augment="S28601417105478">Merlinic Jubbah</body>
			<hands augment="S27827504982149">Helios Gloves</hands>
			<legs>Jhakri Slops +2</legs>
			<feet augment="S45419825242245">Helios Boots</feet>
			<waist>Witful Belt</waist>
			<ear1>Loquac. Earring</ear1>
			<ear2>Enchntr. Earring +1</ear2>
			<ring1>Prolix Ring</ring1>
			<ring2>Rahab Ring</ring2>
			<back augment="S018572">Taranus's Cape</back>
		</set>
		<set name="fn">
			<ammo>Pemphredo Tathlum</ammo>
			<head>Jhakri Coronal +2</head>
			<body augment="D20976940633860">Amalric Doublet +1</body>
			<hands augment="D20976940616643">Amalric Gages +1</hands>
			<legs augment="D20976940633860">Amalric Slops +1</legs>
			<feet augment="D7357599060760">Amalric Nails +1</feet>
			<neck>Saevus Pendant +1</neck>
			<waist>Refoccilation Stone</waist>
			<ear1>Barkaro. Earring</ear1>
			<ear2>Regal Earring</ear2>
			<ring1>Fenrir Ring +1</ring1>
			<ring2>Fenrir Ring +1</ring2>
			<back augment="S255541914018565">Taranus's Cape</back>
		</set>
		<set name="mb">
			<ammo>Pemphredo Tathlum</ammo>
			<head>Jhakri Coronal +2</head>
			<body augment="S28601417105478">Merlinic Jubbah</body>
			<hands augment="D20976940616643">Amalric Gages +1</hands>
			<legs augment="S18164378155078">Merlinic Shalwar</legs>
			<feet augment="S5499815190535010373">Merlinic Crackows</feet>
			<neck>Mizu. Kubikazari</neck>
			<waist>Refoccilation Stone</waist>
			<ear1>Barkaro. Earring</ear1>
			<ear2>Friomisi Earring</ear2>
			<ring1>Mujin Band</ring1>
			<ring2>Jhakri Ring</ring2>
			<back augment="S255541914018565">Taranus's Cape</back>
		</set>
		<set name="dna">
			<ammo>Pemphredo Tathlum</ammo>
			<head>Jhakri Coronal +2</head>
			<body>Jhakri Robe +2</body>
			<hands>Jhakri Cuffs +2</hands>
			<legs>Jhakri Slops +2</legs>
			<feet augment="S5499815190535010373">Merlinic Crackows</feet>
			<neck>Sanctity Necklace</neck>
			<waist>Austerity Belt +1</waist>
			<ear1>Barkaro. Earring</ear1>
			<ear2>Hirudinea Earring</ear2>
			<ring1>Archon Ring</ring1>
			<ring2>Acumen Ring</ring2>
			<back augment="S255541914018565">Taranus's Cape</back>
		</set>
		<set name="abs">
			<ammo>Pemphredo Tathlum</ammo>
			<head>Jhakri Coronal +2</head>
			<body>Jhakri Robe +2</body>
			<hands>Jhakri Cuffs +2</hands>
			<legs>Jhakri Slops +2</legs>
			<feet>Jhakri Pigaches +2</feet>
			<neck>Weike Torque</neck>
			<waist>Refoccilation Stone</waist>
			<ear1>Barkaro. Earring</ear1>
			<ear2>Digni. Earring</ear2>
			<ring1>Kishar Ring</ring1>
			<ring2>Stikini Ring +1</ring2>
			<back augment="S255541914018565">Taranus's Cape</back>
		</set>
		<set name="mbmp">
			<main augment="D15496478199491">Lathi</main>
			<sub>Niobid Strap</sub>
			<ammo>Pemphredo Tathlum</ammo>
			<head>Jhakri Coronal +2</head>
			<body>Spae. Coat +1</body>
			<hands augment="D20976940616643">Amalric Gages +1</hands>
			<legs augment="S18164378155078">Merlinic Shalwar</legs>
			<feet augment="S5499815190535010373">Merlinic Crackows</feet>
			<neck>Mizu. Kubikazari</neck>
			<waist>Refoccilation Stone</waist>
			<ear1>Barkaro. Earring</ear1>
			<ear2>Regal Earring</ear2>
			<ring1>Mujin Band</ring1>
			<ring2>Jhakri Ring</ring2>
			<back augment="S255541914018565">Taranus's Cape</back>
		</set>
		<set name="blmspeed">
			<feet>Herald's Gaiters</feet>
		</set>
		<set name="fc2">
			<ammo>Sapience Orb</ammo>
			<head augment="D21939027643331">Amalric Coif +1</head>
			<body>Zendik Robe</body>
			<hands augment="S27827504982149">Helios Gloves</hands>
			<legs augment="S277160452">Lengo Pants</legs>
			<feet augment="D7357599060760">Amalric Nails +1</feet>
			<waist>Witful Belt</waist>
			<ear1>Enchntr. Earring +1</ear1>
			<ear2>Loquac. Earring</ear2>
			<ring1>Prolix Ring</ring1>
			<ring2>Kishar Ring</ring2>
			<back>Swith Cape +1</back>
		</set>
		<set name="nuke">
			<body augment="D20976940633860">Amalric Doublet +1</body>
			<hands augment="D20976940616643">Amalric Gages +1</hands>
			<legs augment="D20976940633860">alric Slops +1</legs>
			<feet augment="D7357599060760">Amalric Nails +1</feet>
		</set>
		<set name="fn2">
			<main augment="D15496478199491">Lathi</main>
			<sub>Niobid Strap</sub>
			<ammo augment="O2456978194432343">Ghastly Tathlum +1</ammo>
			<head augment="S110080104018621619331107">Merlinic Hood</head>
			<body augment="D20976940633860">Amalric Doublet +1</body>
			<hands augment="D20976940616643">Amalric Gages +1</hands>
			<legs augment="D20976940633860">Amalric Slops +1</legs>
			<feet>Herald's Gaiters</feet>
			<neck>Sanctity Necklace</neck>
			<waist>Refoccilation Stone</waist>
			<ear1>Barkaro. Earring</ear1>
			<ear2>Friomisi Earring</ear2>
			<ring1>Acumen Ring</ring1>
			<ring2>Jhakri Ring</ring2>
			<back augment="S255541914018565">Taranus's Cape</back>
		</set>
		<set name="tath">
			<main augment="D15496478199491">Lathi</main>
			<sub>Enki Strap</sub>
			<ammo augment="O2456978194432343">Ghastly Tathlum +1</ammo>
			<head>Jhakri Coronal +2</head>
			<feet>Herald's Gaiters</feet>
			<waist>Refoccilation Stone</waist>
			<ear1>Barkaro. Earring</ear1>
			<ear2>Friomisi Earring</ear2>
			<ring1>Acumen Ring</ring1>
			<ring2>Jhakri Ring</ring2>
			<back augment="S255541914018565">Taranus's Cape</back>
		</set>
		<set name="pants">
			<main augment="D15496478199491">Lathi</main>
			<sub>Niobid Strap</sub>
			<ammo augment="O2456978194432343">Ghastly Tathlum +1</ammo>
			<head>Jhakri Coronal +2</head>
			<body augment="D20976940633860">Amalric Doublet +1</body>
			<hands augment="D20976940616643">Amalric Gages +1</hands>
			<legs augment="S277160452">Lengo Pants</legs>
			<feet>Herald's Gaiters</feet>
			<neck>Saevus Pendant +1</neck>
			<waist>Refoccilation Stone</waist>
			<ear1>Barkaro. Earring</ear1>
			<ear2>Friomisi Earring</ear2>
			<ring1>Acumen Ring</ring1>
			<ring2>Jhakri Ring</ring2>
			<back augment="S255541914018565">Taranus's Cape</back>
		</set>
		<set name="pants">
			<main augment="D15496478199491">Lathi</main>
			<sub>Niobid Strap</sub>
			<ammo augment="O2456978194432343">Ghastly Tathlum +1</ammo>
			<head>Jhakri Coronal +2</head>
			<body>Zendik Robe</body>
			<hands augment="D20976940616643">Amalric Gages +1</hands>
			<legs augment="S277160452">Lengo Pants</legs>
			<feet>Herald's Gaiters</feet>
			<neck>Saevus Pendant +1</neck>
			<waist>Refoccilation Stone</waist>
			<ear1>Barkaro. Earring</ear1>
			<ear2>Friomisi Earring</ear2>
			<ring1>Acumen Ring</ring1>
			<ring2>Jhakri Ring</ring2>
			<back augment="S255541914018565">Taranus's Cape</back>
		</set>
		<include>
		</include>
	</sets>
	<variables>
	</variables>
	<inputcommands>
	</inputcommands>
	<idlegear>
	     <if p_status="Idle">
	         <equip set="blmspeed"/>
	   </if>	
	</idlegear>
	<preranged>
	</preranged>
	<midranged>
	</midranged>
	<premagic>
	      <equip set="fc2"/>
	</premagic>
	<midmagic>
	      <if ad_name="Drain*|Aspir*">
		        <equip set="dna"/>
		 </if>
		  <if ad_skill="Elementalmagic">
		        <equip set="fn"/>
		 </if>
         <if ad_skill="Enfeeblingmagic">
		        <equip set="abs"/>
		 </if>		
	</midmagic>
	<jobability>
	</jobability>
	<weaponskill>
	</weaponskill>
</ashitacast>