<ashitacast>
	<settings>
		<buffupdate>false</buffupdate>
		<statusupdate>false</statusupdate>
		<hpupdate>false</hpupdate>
		<autoupdate>true</autoupdate>
	</settings>
	<sets>
		<set name="tp">
			<ammo augment="O618512515072459">Coiste Bodhar</ammo>
			<head>Flam. Zucchetto +2</head>
			<body>Sakpata's Plate</body>
			<hands>Sulev. Gauntlets +2</hands>
			<legs>Sulev. Cuisses +2</legs>
			<feet>Flam. Gambieras +2</feet>
			<neck augment="O3728794451968206">Abyssal Beads +2</neck>
			<waist augment="O2456978194432292">Sailfi Belt +1</waist>
			<ear1>Telos Earring</ear1>
			<ear2>Cessance Earring</ear2>
			<ring1>Niqmaddu Ring</ring1>
			<ring2>Hetairoi Ring</ring2>
			<back augment="S79266176080384541542543">Ankou's Mantle</back>
		</set>
		<set name="idle">
			<legs augment="D6232182625036">Carmine Cuisses +1</legs>
		</set>
		<set name="ws">
			<ammo>Knobkierrie</ammo>
			<head>Ratri Sallet +1</head>
			<body>Ratri Plate +1</body>
			<hands>Rat. Gadlings +1</hands>
			<legs>Ratri Cuisses +1</legs>
			<feet>Rat. Sollerets +1</feet>
			<neck>Fotia Gorget</neck>
			<waist>Fotia Belt</waist>
			<ear1 augment="S560011289">Moonshade Earring</ear1>
			<ear2>Ishvara Earring</ear2>
			<ring1>Karieyh Ring</ring1>
			<ring2>Epaminondas's Ring</ring2>
			<back augment="S255463270618759">Ankou's Mantle</back>
		</set>
		<set name="back">
			<back augment="S3942618759">Ankou's Mantle</back>
		</set>
		<set name="fc">
		    <ammo>Sapience Orb</ammo>
			<head augment="D4071815123724">Carmine Mask +1</head>
			<hands augment="S44551832283159">Leyline Gloves</hands>
			<body augment="S10565273938157528697">Odyss. Chestplate</body>
			<feet augment="S813640038851241654807">Odyssean Greaves</feet>
			<ear1>Enchntr. Earring +1</ear1>
			<ear2>Loquac. Earring</ear2>
			<ring1>Kishar Ring</ring1>
			<ring2>Prolix Ring</ring2>
		</set>
		<set name="poop">
			<legs augment="D6232182625036">Carmine Cuisses +1</legs>
		</set>
		<set name="poop">
			<ear1 augment="S560011289">Moonshade Earring</ear1>
		</set>
		<set name="tp2">
			<ammo augment="O618512515072459">Coiste Bodhar</ammo>
			<head>Sakpata's Helm</head>
			<body>Sakpata's Plate</body>
			<hands>Sakpata's Gauntlets</hands>
			<legs>Sakpata's Cuisses</legs>
			<feet>Sakpata's Leggings</feet>
			<neck augment="O3728794451968206">Abyssal Beads +2</neck>
			<waist augment="O2456978194432292">Sailfi Belt +1</waist>
			<ear1>Telos Earring</ear1>
			<ear2>Cessance Earring</ear2>
			<ring1>Niqmaddu Ring</ring1>
			<ring2>Hetairoi Ring</ring2>
			<back augment="S79266176080384541542543">Ankou's Mantle</back>
		</set>
		<set name="ws2">
			<ammo>Knobkierrie</ammo>
			<head>Sakpata's Helm</head>
			<body>Sakpata's Plate</body>
			<hands>Sakpata's Gauntlets</hands>
			<legs>Sakpata's Cuisses</legs>
			<feet>Sakpata's Leggings</feet>
			<neck>Fotia Gorget</neck>
			<waist>Fotia Belt</waist>
			<ear1 augment="S560011289">Moonshade Earring</ear1>
			<ear2>Ishvara Earring</ear2>
			<ring1>Epaminondas's Ring</ring1>
			<ring2>Karieyh Ring</ring2>
			<back augment="S255463270618759">Ankou's Mantle</back>
		</set>
		<set name="dna"> 
			<ammo>Ombre Tathlum +1</ammo>
			<head>Flam. Zucchetto +2</head>
			<body>Sakpata's Plate</body>
			<hands>Sakpata's Gauntlets</hands>
			<legs>Sakpata's Cuisses</legs>
			<feet>Rat. Sollerets +1</feet>
			<neck>Eddy Necklace</neck>
			<waist>Austerity Belt +1</waist>
			<ear1>Digni. Earring</ear1>
			<ear2>Hirudinea Earring</ear2>
			<ring1>Archon Ring</ring1>
			<ring2>Stikini Ring +1</ring2>
			<back augment="S133414856781849">Niht Mantle</back>
		</set>
		<set name="abs">
			<ammo>Ombre Tathlum +1</ammo>
			<head>Flam. Zucchetto +2</head>
			<body>Flamma Korazin +2</body>
			<hands>Flam. Manopolas +2</hands>
			<legs>Fall. Flanchard +3</legs>
			<feet>Rat. Sollerets +1</feet>
			<neck augment="O3487516065792206">Abyssal Beads +2</neck>
			<waist>Casso Sash</waist>
			<ear1>Digni. Earring</ear1>
			<ear2>Enchntr. Earring +1</ear2>
			<ring1>Kishar Ring</ring1>
			<ring2>Stikini Ring +1</ring2>
		</set>
		<set name="ws3">
			<ammo>Knobkierrie</ammo>
			<head augment="S17700232831303">Odyssean Helm</head>
			<body>Ignominy Cuirass +3</body>
			<hands augment="S1075257671">Odyssean Gauntlets</hands>
			<legs>Fall. Flanchard +3</legs>
			<feet>Sulev. Leggings +2</feet>
			<neck>Fotia Gorget</neck>
			<waist>Fotia Belt</waist>
			<ear1 augment="S560011289">Moonshade Earring</ear1>
			<ear2>Thrud Earring</ear2>
			<ring1>Karieyh Ring</ring1>
			<ring2>Epaminondas's Ring</ring2>
			<back augment="S255463270618759">Ankou's Mantle</back>
		</set>
		<set name="34">
			<back augment="S79266176080384541542543">Ankou's Mantle</back>
		</set>
		<set name="22">
			<legs augment="D6232182625036">Carmine Cuisses +1</legs>
			<back augment="S255463270618759">Ankou's Mantle</back>
		</set>
		<set name="wspeice">
			<head augment="S17700232831303">Odyssean Helm</head>
			<hands augment="S1075257671">Odyssean Gauntlets</hands>
			<legs augment="S9016896754690526647">Odyssean Cuisses</legs>
		</set>
		<set name="want">
			<main augment="O257954938880240">Caladbolg</main>
			<sub>Utu Grip</sub>
			<ammo>Knobkierrie</ammo>
			<head augment="S17700232831303">Odyssean Helm</head>
			<body>Ignominy Cuirass +2</body>
			<hands augment="S44551832283159">Leyline Gloves</hands>
			<legs augment="D6232182625036">Carmine Cuisses +1</legs>
			<feet>Flam. Gambieras +2</feet>
			<neck>Fotia Gorget</neck>
			<waist>Fotia Belt</waist>
			<ear1 augment="S560011289">Moonshade Earring</ear1>
			<ear2>Thrud Earring</ear2>
			<ring1>Karieyh Ring</ring1>
			<ring2>Epaminondas's Ring</ring2>
			<back augment="S255463270618759">Ankou's Mantle</back>
		</set>
		<set name="Resolution">
			<ammo>Knobkierrie</ammo>
			<head augment="D20925277801407">Argosy Celata +1</head>
			<body augment="D20925277801407">Argosy Hauberk +1</body>
			<hands augment="D20925277801407">Argosy Mufflers +1</hands>
			<legs augment="M1372">Fall. Flanchard +3</legs>
			<feet augment="D20925277801407">Argosy Sollerets +1</feet>
			<neck>Fotia Gorget</neck>
			<waist>Fotia Belt</waist>
			<ear1 augment="S560011289">Moonshade Earring</ear1>
			<ear2>Brutal Earring</ear2>
			<ring1>Niqmaddu Ring</ring1>
			<ring2>Regal Ring</ring2>
			<back augment="S255463270618759">Ankou's Mantle</back>
		</set>
		<set name="tp3">
			<main augment="O257954938880240">Caladbolg</main>
			<sub>Utu Grip</sub>
			<ammo augment="O2456978194432364">Seeth. Bomblet +1</ammo>
			<head>Flam. Zucchetto +2</head>
			<body>Sakpata's Plate</body>
			<hands>Sulev. Gauntlets +2</hands>
			<legs>Sulev. Cuisses +2</legs>
			<feet>Flam. Gambieras +2</feet>
			<neck augment="O3625101819904206">Abyssal Beads +2</neck>
			<waist>Ioskeha Belt +1</waist>
			<ear1>Telos Earring</ear1>
			<ear2>Cessance Earring</ear2>
			<ring1>Niqmaddu Ring</ring1>
			<ring2>Hetairoi Ring</ring2>
			<back augment="S79266176080384541542543">Ankou's Mantle</back>
		</set>
		<set name="macc">
			<ammo>Pemphredo Tathlum</ammo>
			<head>Flam. Zucchetto +2</head>
			<body>Flamma Korazin +2</body>
			<hands>Flam. Manopolas +2</hands>
			<legs>Flamma Dirs +2</legs>
			<feet>Flam. Gambieras +2</feet>
			<neck augment="O3625101819904206">Abyssal Beads +2</neck>
			<waist>Casso Sash</waist>
			<ear1>Enchntr. Earring +1</ear1>
			<ear2>Digni. Earring</ear2>
			<ring1>Kishar Ring</ring1>
			<ring2>Stikini Ring +1</ring2>
		</set>
		<set name="neck">
			<neck augment="O3590820724736206">Abyssal Beads +2</neck>
		</set>
		<set name="necl">
		</set>
		<set name="neck">
			<legs augment="D6232182625036">Carmine Cuisses +1</legs>
			<neck augment="O3625101819904206">Abyssal Beads +2</neck>
		</set>
		<set name="ammo">
			<ammo augment="O618512515072459">Coiste Bodhar</ammo>
		</set>
		<set name="neck">
			<neck augment="O3728794451968206">Abyssal Beads +2</neck>
		</set>
		<set name="belt">
			<waist augment="O2456978194432292">Sailfi Belt +1</waist>
		</set>
		<set name="subtank">
			<main augment="O257954938880240">Caladbolg</main>
			<sub>Utu Grip</sub>
			<ammo augment="O618512515072459">Coiste Bodhar</ammo>
			<head>Sakpata's Helm</head>
			<body>Sakpata's Plate</body>
			<hands>Sakpata's Gauntlets</hands>
			<legs>Sakpata's Cuisses</legs>
			<feet>Sakpata's Leggings</feet>
			<neck augment="O2456978194432350">Bathy Choker +1</neck>
			<waist augment="O2456978194432292">Sailfi Belt +1</waist>
			<ear1>Telos Earring</ear1>
			<ear2>Cessance Earring</ear2>
			<ring1>Chirich Ring +1</ring1>
			<ring2>Niqmaddu Ring</ring2>
			<back augment="S79266176080384541542543">Ankou's Mantle</back>
		</set>
		<include>
		</include>
	</sets>
	<variables>
	</variables>
	<inputcommands>
	</inputcommands>
	<idlegear>
	   <if p_status="Idle">
	         <equip set="idle"/>
	   </if>
	   <if p_status="engaged">
	         <equip set="tp"/>
	   </if>		 
	</idlegear>
	<preranged>
	</preranged>
	<midranged>
	</midranged>
	<premagic>
	     <equip set="fc"/>
	</premagic>
	<midmagic>
	     <if ad_name="Drain*|Aspir*">
		        <equip set="dna"/>
		 </if>		
		 <if ad_name="Absorb*">
                <equip set="abs"/>
		 </if>		
        <if ad_skill="Enfeeblingmagic">
		        <equip set="macc"/>
		 </if>		
	</midmagic>
	<jobability>
	</jobability>
	<weaponskill>
	  <if ad_name ="Resolution">
            <equip set = "Resolution"/>
        </if>
       <else>
             <equip set ="ws3"/>
      </else>
	</weaponskill>
</ashitacast>